observation_number,bombus_species,behavior,pollen_on_corbiculae?,2m_microsite,2m_microsite_extra,floral_species_id,photo,notes
1,unknown,foraging,unknown,herbaceous litter,,TAROFF,no,
2,unknown,in flight,unknown,herbaceous litter,,,no,
3,impatiens,nest searching,no,herbaceous litter,tussock,"MEDLUP, TRIREP",no,
4,unknown,in flight,unknown,tussock,herbaceous litter,TAROFF,no,
5,unknown,mixed,unknown,tussock,herbaceous litter,ZIZAUR,no,in flight/nest searching
6,impatiens,nest searching,no,tussock,herbaceous litter,"TRIREP, ZIZAUR",yes,
7,impatiens,nest searching,no,tussock,herbaceous litter,ZIZAUR,yes,
8,impatiens,nest searching,no,tussock,,,no,
9,griseocollis,foraging,no,tussock,herbaceous litter,TRIPRA,yes,
10,griseocollis,foraging,no,herbaceous litter,bare ground,HYDVIR,yes,
11,griseocollis,foraging,no,herbaceous litter,bare ground,HYDVIR,yes,
12,impatiens,nest searching,no,wood,herbaceous litter,,no,
13,impatiens,foraging,no,herbaceous litter,,RUBSPP,no,
14,unknown,in flight,unknown,herbaceous litter,tussock,,no,
15,impatiens,nest searching,no,leaf litter,herbaceous litter,RUBSPP,yes,