observation_number,bombus_species,behavior,pollen_on_corbiculae?,2m_microsite,2m_microsite_extra,floral_species_id,photo,notes
1,unknown,in flight,unknown,turf,flowers,TAROFF,,
2,impatiens,nest searching,unknown,leaf litter,,,Yes,pic of mircrosite
3,rufocinctus,mixed,no,tussock,herbaceous litter,TAROFF,,
4,impatiens,nest searching,no,tussock,herbaceous litter,TAROFF,,
5,impatiens,mixed,unknown,herbaceous litter,leaf litter,TAROFF,,
6,impatiens,mixed,unknown,tussock,herbaceous litter,TAROFF,,
7,unknown,mixed,unknown,tussock,herbaceous litter,TAROFF,,
8,impatiens,nest searching,unknown,tussock,herbaceous litter,,Yes,video
9,unknown,in flight,unknown,tussock,leaf litter,SALSPP,,Picture of SALSPP
10,unknown,nest searching,unknown,tussock,herbaceous litter,,,Pic of microsite
11,impatiens,nest searching,no,tussock,herbaceous litter,,Yes,Video
12,bimaculatus,foraging,yes,leaf litter,flowers,MERVIR,,
13,impatiens,foraging,no,leaf litter,wood,,,
14,impatiens,foraging,no,leaf litter,wood,,,
15,unknown,foraging,unknown,bare ground,herbaceous litter,ROSSPP,,Picture of ROSSPP
16,unknown,nest searching,unknown,tussock,,,,