observation_number,bombus_species,behavior,pollen_on_corbiculae?,2m_microsite,2m_microsite_extra,floral_species_id,photo,notes
1,impatiens,foraging,no,tussock,leaf litter,MALSPP,yes,"photo of tree, not bee"
2,impatiens,foraging,no,herbaceous litter,,LONSPP,yes,
3,impatiens,foraging,no,herbaceous litter,,LONSPP,yes,
4,impatiens,foraging,no,herbaceous litter,,MALSPP,,
5,impatiens,foraging,no,herbaceous litter,,LONSPP,,
6,griseocollis,foraging,no,herbaceous litter,,LONSPP,,
7,impatiens,nest searching,no,moss,leaf litter,LONSPP,yes,
8,impatiens,nest searching,no,wood,leaf litter,LONSPP,yes,
9,griseocollis,foraging,unknown,tussock,leaf litter,LONSPP,yes,video
10,impatiens,foraging,no,tussock,leaf litter,LONSPP,,
11,citrinus,foraging,no,herbaceous litter,tussock,TAROFF,yes,video & pictures
12,unknown,foraging,unknown,herbaceous litter,flowers,GLEHED,,
13,impatiens,foraging,no,tussock,flowers,TAROFF,,
14,unknown,mixed,unknown,tussock,flowers,TAROFF,yes,bad video
15,impatiens,foraging,no,herbaceous litter,tussock,TAROFF,,
16,unknown,mixed,unknown,tussock,flowers,TAROFF,yes,bad video
17,impatiens,mixed,no,tussock,flowers,TAROFF,,
18,impatiens,mixed,unknown,tussock,herbaceous litter,,,
19,impatiens,foraging,yes,tussock,herbaceous litter,MALSPP,,
20,impatiens,foraging,no,tussock,herbaceous litter,MALSPP,,
21,griseocollis,foraging,yes,tussock,herbaceous litter,MALSPP,,
22,impatiens,nest searching,no,rock pile,tussock,TAROFF,,
23,impatiens,foraging,no,tussock,flowers,TAROFF,yes,short video
24,auricomus,resting,no,herbaceous litter,tussock,TAROFF,yes,video 16:57
25,impatiens,nest searching,no,herbaceous litter,tussock,TAROFF,,
26,auricomus,foraging,no,flowers,tussock,TAROFF,yes,video 17:04
27,bimaculatus,foraging,unknown,flowers,tussock,TAROFF,yes,video 17:06
28,griseocollis,foraging,no,,,TAROFF,yes,video 17:08
29,impatiens,foraging,no,tussock,herbaceous litter,TAROFF,,
30,impatiens,foraging,no,tussock,herbaceous litter,TAROFF,,
31,impatiens,foraging,no,tussock,herbaceous litter,TAROFF,,
32,impatiens,foraging,no,tussock,herbaceous litter,TAROFF,,
33,impatiens,nest searching,no,tussock,leaf litter,TAROFF,yes,video
34,impatiens,nest searching,no,tussock,leaf litter,TAROFF,,
35,impatiens,nest searching,no,tussock,leaf litter,TAROFF,,