observation_number,bombus_species,behavior,pollen_on_corbiculae?,2m_microsite,2m_microsite_extra,floral_species_id,photo,notes
1,impatiens,nest searching,no,herbaceous litter,tussock,GLEHED,,
2,impatiens,nest searching,no,tussock,,GLEHED,,TAROFF also in microsite
3,unknown,mixed,unknown,tussock,herbaceous litter,TAROFF,,VIOPRI also in microsite
4,impatiens,nest searching,no,bare ground,herbaceous litter,,Yes,video
5,impatiens,nest searching,no,herbaceous litter,,,,
6,unknown,mixed,unknown,herbaceous litter,flowers,ROSSPP,,Pix of ROSSPP
7,impatiens,nest searching,no,herbaceous litter,leaf litter,,,
8,unknown,nest searching,unknown,herbaceous litter,leaf litter,,,disappeared under litter and did not come back up so could not ID
9,impatiens,nest searching,no,herbaceous litter,leaf litter,,,
10,impatiens,nest searching,no,herbaceous litter,leaf litter,,,