observation_number,bombus_species,behavior,pollen_on_corbiculae?,2m_microsite,2m_microsite_extra,floral_species_id
1,impatiens,nest searching,no,tussock,herbaceous litter,TAROFF
2,bimaculatus,foraging,unknown,leaf litter,flowers,MERVIR
3,impatiens,mixed,no,leaf litter,flowers,TAROFF
4,impatiens,mixed,no,herbaceous litter,tussock,
5,impatiens,foraging,no,tussock,leaf litter,TAROFF
6,impatiens,nest searching,no,bare ground,herbaceous litter,TAROFF
7,impatiens,nest searching,no,leaf litter,herbaceous litter,TAROFF
8,impatiens,nest searching,no,bare ground,herbaceous litter,TAROFF
9,impatiens,nest searching,no,herbaceous litter,tussock,
10,impatiens,nest searching,no,herbaceous litter,leaf litter,TAROFF
11,impatiens,nest searching,no,herbaceous litter,tussock,
12,impatiens,nest searching,no,herbaceous litter,leaf litter,TAROFF