observation_number,bombus_species,behavior,pollen_on_corbiculae?,2m_microsite,2m_microsite_extra,floral_species_id,photo,notes
1,impatiens,foraging,no,turf,flowers,GLEHED,yes,
2,unknown,mixed,no,leaf litter,herbaceous litter,TAROFF,yes,
3,impatiens,nest searching,no,wood,herbaceous litter,GLEHED,yes,video
4,impatiens,nest searching,no,herbaceous litter,,"HYDVIR, VIOSPP",,
5,auricomus,foraging,unknown,herbaceous litter,,HYDVIR ,,
6,unknown,foraging,unknown,herbaceous litter,,GLEHED,,
7,impatiens,nest searching,no,herbaceous litter,,TAROFF,yes,video
8,unknown,mixed,unknown,herbaceous litter,,ZIZAUR,,
9,unknown,foraging,unknown,herbaceous litter,,MALSPP,,picture of the tree
10,impatiens,nest searching,no,herbaceous litter,,,yes,
11,auricomus,in flight,unknown,herbaceous litter,,,,
12,impatiens,foraging,no,herbaceous litter,,LONSPP,,
13,impatiens,nest searching,no,herbaceous litter,tussock,TAROFF,yes,vid
14,impatiens,nest searching,no,tussock,herbaceous litter,"TAROFF, CERVUL",yes,vid
15,griseocollis,nest searching,no,tussock,,TAROFF,yes,vid
16,impatiens,nest searching,no,tussock,,TAROFF,yes,vid
17,impatiens,nest searching,no,turf,,TAROFF,yes,vid
18,impatiens,nest searching,no,bare ground,leaf litter,"TAROFF, ALLPET",yes,vid
19,unknown,nest searching,unknown,leaf litter,wood,,,