observation_number,bombus_species,behavior,pollen_on_corbiculae?,2m_microsite,2m_microsite_extra,floral_species_id,photo,notes
1,unknown,foraging,no,leaf litter,herbaceous litter,BARVUL,,
2,unknown,in flight,unknown,leaf litter,herbaceous litter,GERMAC,,
3,unknown,foraging,unknown,leaf litter,herbaceous litter,ALLPET,yes,video ~ 13:38
4,griseocollis,foraging,unknown,leaf litter,herbaceous litter,ALLPET,yes,13:40
5,unknown,foraging,unknown,leaf litter,herbaceous litter,GERMAC,,
6,unknown,nest searching,no,leaf litter,wood,GERMAC,yes,video 14:14
7,impatiens,foraging,unknown,leaf litter,herbaceous litter,GERMAC,,
8,unknown,nest searching,unknown,leaf litter,wood,GERMAC,,
9,griseocollis,nest searching,no,leaf litter,herbaceous litter,,yes,video 14:31
10,vagans,foraging,no,herbaceous litter,flowers,TAROFF,yes,video 14:33
11,unknown,nest searching,unknown,tussock,herbaceous litter,,,14:55. long video but the queen was under the litter the whole time
12,unknown,nest searching,unknown,leaf litter,herbaceous litter,"GERMAC, FRASPP",,
13,impatiens,nest searching,no,tussock,herbaceous litter,BARVUL,yes,15:16 video
14,impatiens,nest searching,no,leaf litter,herbaceous litter,"GERMAC,BARVUL",yes,15:32 video 
15,unknown,nest searching,unknown,tussock,,,,