observation_number,bombus_species,behavior,pollen_on_corbiculae?,2m_microsite,2m_microsite_extra,floral_species_id,photo,notes
1,vagans,mixed,no,herbaceous litter,,TRIPRA,yes,foraging/resting
2,impatiens,mixed,no,herbaceous litter,,TRIPRA,yes,foraging/in flight
3,impatiens,foraging,no,herbaceous litter,,TRIPRA,no,
4,impatiens,foraging,no,herbaceous litter,,TRIPRA,no,
5,impatiens,foraging,no,herbaceous litter,,TRIPRA,no,
6,griseocollis,foraging,yes,herbaceous litter,,ASCSYR,yes,HYPPER
7,griseocollis,foraging,yes,herbaceous litter,,ASCSYR,yes,
8,griseocollis,foraging,no,herbaceous litter,,ASCSYR,yes,
9,griseocollis,foraging,no,herbaceous litter,,ASCSYR,yes,
10,griseocollis,foraging,yes,herbaceous litter,,ASCSYR,yes,
11,citrinus,foraging,no,herbaceous litter,,TRIREP,no,
12,impatiens,foraging,no,herbaceous litter,,TRIPRA,no,
13,vagans,foraging,no,herbaceous litter,,TRIPRA,yes,
14,vagans,foraging,no,herbaceous litter,,TRIPRA,yes,
15,vagans,foraging,no,herbaceous litter,,RUBSPP,no,
16,vagans,foraging,no,herbaceous litter,,TRIPRA,no,
17,vagans,foraging,no,leaf litter,herbaceous litter,RUBSPP,yes,
18,unknown,nest searching,unknown,leaf litter,,APOSPP,no,took a video but cannot ID bee from it
19,vagans,foraging,no,herbaceous litter,,TRIPRA,no,
20,vagans,foraging,no,herbaceous litter,,TRIPRA,no,
21,vagans,foraging,no,herbaceous litter,,TRIPRA,no,