observation_number,bombus_species,behavior,pollen_on_corbiculae?,2m_microsite,2m_microsite_extra,floral_species_id,photo,notes
1,vagans,mixed,no,herbaceous litter,leaf litter,"RUBSPP, GERMAC, AQUCAN",no,foraging/nest searching
2,bimaculatus,foraging,no,herbaceous litter,leaf litter,RUBSPP ,yes,video and stills
3,vagans,foraging,no,herbaceous litter,leaf litter,RUBSPP,yes,video has several individuals in it. (Obs 3-5) 
4,vagans,foraging,no,herbaceous litter,leaf litter,RUBSPP,yes,video has several individuals in it. (Obs 3-5) 
5,vagans,foraging,no,herbaceous litter,leaf litter,RUBSPP,yes,video has several individuals in it. (Obs 3-5) 
6,impatiens,foraging,no,herbaceous litter,leaf litter,RUBSPP,no,
7,impatiens,foraging,no,leaf litter,herbaceous litter,GERMAC,yes,
8,vagans,resting,no,wood,,,yes,video and stills with macro lens
9,vagans,nest searching,no,,,,no,
10,impatiens,foraging,no,herbaceous litter,,"RUBSPP, GERMAC",yes,video and stills
11,impatiens,foraging,no,herbaceous litter,,"RUBSPP, GERMAC",no,
12,vagans,foraging,no,herbaceous litter,leaf litter,"RUBSPP, GERMAC",no,
13,vagans,nest searching,no,herbaceous litter,leaf litter,,no,
14,impatiens,nest searching,no,tussock,,,yes,video
15,vagans,nest searching,no,tussock,,,yes,video
16,griseocollis,foraging,no,herbaceous litter,,RUBSPP,yes,video
17,impatiens,foraging,no,herbaceous litter,,RUBSPP,yes,video
18,impatiens,foraging,no,herbaceous litter,,RUBSPP,no,
19,vagans,foraging,no,herbaceous litter,,RUBSPP,no,
20,vagans,foraging,no,herbaceous litter,,RUBSPP,no,