observation_number,bombus_species,behavior,pollen_on_corbiculae?,2m_microsite,2m_microsite_extra,floral_species_id,photo,notes
1,vagans,foraging,no,herbaceous litter,,TRIPRA,yes,video
2,vagans,foraging,no,herbaceous litter,,TRIPRA,yes,
3,vagans,foraging,no,herbaceous litter,,TRIPRA,yes,
4,vagans,foraging,yes,herbaceous litter,,TRIPRA,no,
5,impatiens,mixed,unknown,herbaceous litter,leaf litter,TRIPRA,no,
6,impatiens,foraging,no,herbaceous litter,,TRIPRA,yes,
7,citrinus,foraging,no,tussock,herbaceous litter,TRIPRA,yes,
8,vagans,foraging,no,herbaceous litter,tussock,TRIPRA,yes,