observation_number,bombus_species,behavior,pollen_on_corbiculae?,2m_microsite,2m_microsite_extra,floral_species_id,photo,notes
1,vagans,foraging,no,herbaceous litter,,BAPALB,yes,multiple photos ~ 10:20
2,vagans,resting,no,herbaceous litter,,,yes,~10:28
3,vagans,foraging,no,herbaceous litter,,BAPALB,yes,video ~ 10:45
4,vagans,foraging,no,herbaceous litter,,BAPALB,,
5,vagans,foraging,yes,herbaceous litter,,BAPALB,,
6,vagans,foraging,unknown,herbaceous litter,,BAPALB,,
7,unknown,in flight,unknown,herbaceous litter,,,,
8,unknown,nest searching,unknown,wood,,,yes,
9,griseocollis,foraging,no,herbaceous litter,,ASCEXA,yes,video ~ 11:57 