observation_number,bombus_species,behavior,pollen_on_corbiculae?,2m_microsite,2m_microsite_extra,floral_species_id,photo,notes
1,vagans,foraging,unknown,herbaceous litter,leaf litter,RUBSPP,yes,video
2,impatiens,resting,no,leaf litter,wood,RUBSPP,no,
3,impatiens,foraging,no,herbaceous litter,,RUBSPP,no,
4,impatiens,foraging,no,herbaceous litter,leaf litter,RUBSPP,yes,video
5,impatiens,nest searching,no,leaf litter,wood,RUBSPP,no,
6,impatiens,foraging,unknown,herbaceous litter,leaf litter,RUBSPP,no,
7,impatiens,nest searching,no,leaf litter,herbaceous litter,,no,
8,vagans,mixed,no,herbaceous litter,,TRIPRA,no,resting/foraging
9,impatiens,nest searching,no,herbaceous litter,,TRIPRA,yes,video
10,vagans,foraging,unknown,herbaceous litter,,RUBSPP,no,
11,impatiens,nest searching,no,leaf litter,,,no,
12,vagans,foraging,no,leaf litter,herbaceous litter,TRIPRA,yes,video
13,impatiens,nest searching,no,rock pile,herbaceous litter,"OXALIS, CERFON",no,
14,impatiens,foraging,no,leaf litter,herbaceous litter,RUBSPP,no,
15,unknown,mixed,no,herbaceous litter,leaf litter,,no,