observation_number,bombus_species,behavior,pollen_on_corbiculae?,2m_microsite,2m_microsite_extra,floral_species_id,photo,notes
1,unknown,in flight,unknown,leaf litter,herbaceous litter,,,
2,unknown,mixed,unknown,leaf litter,herbaceous litter,AQUCAN,,
3,unknown,in flight,unknown,herbaceous litter,wood,"VIOSPP, RANHIS",,
4,unknown,in flight,unknown,herbaceous litter,wood,"VIOSPP, RANHIS",,
5,impatiens,foraging,no,herbaceous litter,,RIBMIS,yes,picture of the flower
6,bimaculatus,resting,no,herbaceous litter,leaf litter,RANHIS,yes,video
7,unknown,mixed,unknown,herbaceous litter,leaf litter,"GLEHED, TAROFF",,
8,unknown,mixed,unknown,herbaceous litter,,"PRIMEA, ZIZAUR",,