observation_number,bombus_species,behavior,pollen_on_corbiculae?,2m_microsite,2m_microsite_extra,floral_species_id,photo,notes
1,impatiens,nest searching,no,rock pile,wood,GERMAC,yes,video ~10:13
2,unknown,nest searching,unknown,wood,herbaceous litter,"GERMAC, PODPEL",yes,
3,unknown,nest searching,unknown,herbaceous litter,leaf litter,"GERMAC, PODPEL",yes,10:43. not sure if I got a good one though
4,unknown,nest searching,no,herbaceous litter,leaf litter,GERMAC,yes,11:02
4,unknown,nest searching,no,leaf litter,bare ground,"PODPEL, VERSPP",yes,
5,unknown,nest searching,no,herbaceous litter,,OSMLON,yes,
6,griseocollis,foraging,unknown,herbaceous litter,,RUBSPP,yes,video ~12:21
7,impatiens,nest searching,no,herbaceous litter,,"RUBSPP, OSMLON",yes,12:29
8,unknown,foraging,unknown,herbaceous litter,,RUBSPP,yes,
9,impatiens,in flight,unknown,herbaceous litter,,"PODPEL, RUBSPP",yes,video ~12:49