observation_number,bombus_species,behavior,pollen_on_corbiculae?,2m_microsite,2m_microsite_extra,floral_species_id,photo,notes
1,impatiens,nest searching,no,leaf litter,rock pile,,yes,video
2,impatiens,nest searching,no,leaf litter,herbaceous litter,,yes,video  
3,rufocinctus,foraging,no,herbaceous litter,,HYDVIR,yes,initially thought it was a bimaculatus worker but am leaning towards rufocinctus. See pictures and videos in Google Folder.
4,griseocollis,mixed,no,herbaceous litter,wood,"CERFON, HESMAT",yes,video and still from it. Was resting on a twig and then flew away
5,unknown,mixed,unknown,leaf litter,wood,,no,
6,impatiens,mixed,unknown,leaf litter,herbaceous litter,,no,
7,griseocollis,foraging,no,herbaceous litter,turf,RHOSPP,yes,video
8,vagans,foraging,yes,herbaceous litter,turf,,no,
9,bimaculatus,foraging,no,leaf litter,,RHOSPP,no,