observation_number,bombus_species,behavior,pollen_on_corbiculae?,2m_microsite,2m_microsite_extra,floral_species_id,photo,notes
1,bimaculatus,nest searching,unknown,leaf litter,wood,,yes,see picture
2,impatiens,nest searching,no,leaf litter,wood,,,
3,bimaculatus,foraging,yes,leaf litter,flowers,GLEHED,,
4,bimaculatus,foraging,no,leaf litter,flowers,GLEHED,,
5,unknown,foraging,unknown,,,,,
6,impatiens,nest searching,no,leaf litter,wood,VIOSOR,yes,video
7,impatiens,foraging,no,leaf litter,wood,MERVER,,
8,bimaculatus,foraging,yes,leaf litter,wood,MERVER,,
9,bimaculatus,foraging,yes,leaf litter,wood,MERVER,,
10,unknown,foraging,unknown,leaf litter,wood,MERVER,,
11,impatiens,nest searching,no,leaf litter,herbaceous litter,,,
12,impatiens,nest searching,no,leaf litter,herbaceous litter,,,