observation_number,bombus_species,behavior,pollen_on_corbiculae?,2m_microsite,2m_microsite_extra,floral_species_id,photo,notes
1,unknown,mixed,no,herbaceous litter,,LONSPP,no,foraging/in flight. Possibly vagans but the video is not good enough for positive ID
2,griseocollis,foraging,no,herbaceous litter,,LONSPP,yes,
3,vagans,foraging,no,herbaceous litter,tussock,LONSPP,no,
4,vagans,foraging,no,herbaceous litter,tussock,LONSPP,no,
5,bimaculatus,mixed,no,herbaceous litter,,LONSPP,yes,foraging/in flight. Video and stills from the video.
6,impatiens,foraging,no,herbaceous litter,,LONSPP,yes,video
7,vagans,foraging,no,herbaceous litter,,RUBSPP,yes,video and stills
8,griseocollis,foraging,no,herbaceous litter,,RUBSPP,yes,video
9,vagans,foraging,no,herbaceous litter,,RUBSPP,yes,video and still 
10,impatiens,foraging,yes,herbaceous litter,leaf litter,RHOSPP,no,
11,impatiens,foraging,no,,,,no,
12,bimaculatus,foraging,no,herbaceous litter,,LONSPP,yes,"video and stills. Initially thought it was rufocinctus but in the video, looks too big + not shaggy enough. Changed ID to bimaculatus"
13,bimaculatus,foraging,no,herbaceous litter,,LONSPP,no,