point_number,10m_landcover,edge_types,2m_microsite,2m_microsite_extra,2m_flower_species1,2m_flower_cover1,2m_flower_species2,2m_flower_cover2
1,grassland,,herbaceous litter,,TAROFF,1,,
2,grassland,,herbaceous litter,,TAROFF,1,,
3,grassland,,herbaceous litter,,,,,
4,edge,woodland/grassland,herbaceous litter,,TAROFF,1,,
5,grassland,,tussock,flowers,TAROFF,3,,
6,grassland,,tussock,flowers,TAROFF,2,,
7,grassland,,tussock,flowers,TAROFF,2,,
8,edge,woodland/developed,tussock,herbaceous litter,VIOPRI,1,TAROFF,1
9,edge,grassland/developed,tussock,herbaceous litter,TAROFF,1,,
10,edge,grassland/developed,tussock,flowers,TAROFF,2,,
11,edge,grassland/developed,tussock,flowers,TAROFF,2,,
12,grassland,,tussock,herbaceous litter,TAROFF,1,,