point_number,10m_landcover,edge_types,2m_microsite,2m_microsite_extra,2m_flower_species1,2m_flower_cover1,2m_flower_species2,2m_flower_cover2
1,developed,,turf,flowers,TAROFF,1,,
2,edge,grassland/developed,turf,flowers,TAROFF,3,,
3,edge,woodland/grassland,turf,leaf litter,TAROFF,1,GLEHED,2
4,grassland,,tussock,,TAROFF,1,,
5,grassland,,tussock,,TAROFF,3,,
6,grassland,,tussock,,TAROFF,1,,
7,edge,woodland/wetland,tussock,leaf litter,TAROFF,1,,
8,edge,woodland/wetland,tussock,leaf litter,,,,
9,edge,woodland/wetland,tussock,leaf litter,,,,
10,edge,woodland/wetland,tussock,flowers,TAROFF,3,ALLPET,1
11,grassland,,herbaceous litter,flowers,TAROFF,1,,
12,edge,woodland/wetland,bare ground,herbaceous litter,,,,