point_number,10m_landcover,edge_types,2m_microsite,2m_microsite_extra,2m_flower_species1,2m_flower_cover1,2m_flower_species2,2m_flower_cover2
1,developed,,turf,,TAROFF,1,GLEHED,1
2,grassland,,herbaceous litter,,TAROFF,1,,
3,grassland,,tussock,herbaceous litter,ZIZAUR,1,,
4,grassland,,tussock,herbaceous litter,ZIZAUR,2,TRIREP,3
5,grassland,,tussock,herbaceous litter,TAROFF,1,,
6,grassland,,herbaceous litter,,ZIZAUR,4,TAROFF,1
7,edge,grassland/developed,turf,,TAROFF,1,,
8,edge,woodland/grassland,herbaceous litter,,TRIREP,4,CERFON,2
9,edge,woodland/wetland,tussock,herbaceous litter,CERFON,2,TAROFF,1
10,woodland,,herbaceous litter,bare ground,CERFON,2,RUBSPP,3
11,edge,woodland/wetland,herbaceous litter,leaf litter,,,,
12,edge,woodland/wetland,leaf litter,wood,,,,