point_number,10m_landcover,edge_types,2m_microsite,2m_microsite_extra,2m_flower_species1,2m_flower_cover1,2m_flower_species2,2m_flower_cover2
1,edge,grassland/developed,turf,,TAROFF,1,,
2,edge,woodland/wetland,leaf litter,herbaceous litter,TAROFF,1,,
3,edge,woodland/wetland,herbaceous litter,bare ground,VIOPRI,1,HYDVIR,1
4,edge,woodland/developed,herbaceous litter,bare ground,TAROFF,1,,
5,woodland,,herbaceous litter,bare ground,TAROFF,1,HYDVIR,1
6,edge,grassland/developed,turf,,GLEHED,2,TAROFF,1
7,edge,wetland/grassland,herbaceous litter,tussock,TAROFF,1,VERSER,2
8,edge,woodland/grassland,herbaceous litter,,TAROFF,1,VERSER,2
9,edge,woodland/developed,turf,,TAROFF,1,GLEHED,2
10,edge,woodland/wetland,leaf litter,herbaceous litter,TAROFF,1,ALLPET,1
11,edge,woodland/wetland,leaf litter,herbaceous litter,,,,
12,edge,woodland/wetland,herbaceous litter,leaf litter,TAROFF,1,ALLPET,1