point_number,10m_landcover,edge_types,2m_microsite,2m_microsite_extra,2m_flower_species1,2m_flower_cover1,2m_flower_species2,2m_flower_cover2
1,edge,grassland/developed,turf,,TRIREP,5,,
2,grassland,,herbaceous litter,,ERISPP,1,ECHPUR,2
3,grassland,,herbaceous litter,,ERISPP,1,TRIHYB,2
4,grassland,,herbaceous litter,,TRIPRA,1,HELHEL,3
5,edge,grassland/developed,turf,,TRIREP,4,,
6,edge,woodland/wetland,herbaceous litter,leaf litter,MEDLUP,1,TRIREP,1
7,edge,woodland/wetland,herbaceous litter,leaf litter,GEUCAN,1,BROENC,1
8,edge,woodland/wetland,herbaceous litter,leaf litter,GEUCAN,1,,
9,edge,wetland/grassland,herbaceous litter,,TRIREP,3,ACHMIL,1
10,edge,woodland/grassland,herbaceous litter,,TRIREP,3,ERISPP,1
11,edge,wetland/grassland,herbaceous litter,tussock,TRIREP,5,,
12,edge,wetland/grassland,herbaceous litter,tussock,TRIREP,5,,