point_number,10m_landcover,edge_types,2m_microsite,2m_microsite_extra,2m_flower_species1,2m_flower_cover1,2m_flower_species2,2m_flower_cover2
1,developed,,turf,,none,,none,
2,edge,grassland/developed,turf,herbaceous litter,TAROFF,1,none,
3,edge,woodland/grassland,wood,leaf litter,none,,none,
4,edge,woodland/wetland,leaf litter,tussock,TAROFF,2,none,
5,edge,woodland/wetland,bare ground,leaf litter,TAROFF,1,ALLPET,1
6,edge,woodland/wetland,bare ground,leaf litter,none,,none,
7,grassland,,tussock,herbaceous litter,TAROFF,1,none,
8,edge,grassland/developed,tussock,herbaceous litter,TAROFF,1,none,
9,edge,woodland/grassland,turf,herbaceous litter,TAROFF,1,none,
10,grassland,,leaf litter,herbaceous litter,TAROFF,1,none,
11,grassland,,leaf litter,herbaceous litter,TAROFF,1,none,
12,edge,grassland/developed,leaf litter,herbaceous litter,TAROFF,3,none,