point_number,10m_landcover,edge_types,2m_microsite,2m_microsite_extra,2m_flower_species1,2m_flower_cover1,2m_flower_species2,2m_flower_cover2
1,edge,woodland/developed,herbaceous litter,,GERMAC,2,,
2,grassland,,herbaceous litter,,TAROFF,1,TRIREP,1
3,grassland,,herbaceous litter,,TRIREP,1,TRIPRA,1
4,woodland,,herbaceous litter,leaf litter,RUBSPP,3,GERMAC,1
5,woodland,,herbaceous litter,leaf litter,RUBSPP,3,,
6,edge,woodland/developed,bare ground,leaf litter,RUBSPP,1,,
7,edge,woodland/developed,bare ground,leaf litter,BARVUL,1,RUBSPP,1
8,woodland,,leaf litter,herbaceous litter,RUBSPP,2,GERMAC,1
9,woodland,,herbaceous litter,leaf litter,GERMAC,2,RUBSPP,1
10,edge,woodland/grassland,herbaceous litter,leaf litter,RUBSPP,4,GERMAC,2
11,grassland,,tussock,,CERFON,1,TAROFF,1
12,grassland,,herbaceous litter,,RUBSPP,1,,