point_number,10m_landcover,edge_types,2m_microsite,2m_microsite_extra,2m_flower_species1,2m_flower_cover1,2m_flower_species2,2m_flower_cover2
1,edge,woodland/grassland,herbaceous litter,leaf litter,TRIREP,4,TRIPRA,1
2,grassland,,herbaceous litter,,TRIPRA,5,ACHMIL,1
3,grassland,,herbaceous litter,,ASCSYR,4,TRIPRA,2
4,edge,woodland/grassland,herbaceous litter,,ERISPP,3,TRIREP,5
5,grassland,,herbaceous litter,,TRIPRA,4,TRIREP,4
6,grassland,,herbaceous litter,,TRIPRA,2,TRIREP,3
7,edge,woodland/grassland,leaf litter,herbaceous litter,RUBSPP,3,GEUCAN,1
8,edge,woodland/grassland,herbaceous litter,leaf litter,ACHMIL,1,HYPPER,2
9,edge,woodland/grassland,herbaceous litter,,HYPPER,2,ERISPP,2
10,woodland,,leaf litter,herbaceous litter,CRYCAN,1,ERISPP,1
11,edge,woodland/grassland,leaf litter,rock pile,MEDLUP,1,,
12,woodland,,,,GEUCAN,1,TRIREP,2