point_number,10m_landcover,edge_types,2m_microsite,2m_microsite_extra,2m_flower_species1,2m_flower_cover1,2m_flower_species2,2m_flower_cover2
1,edge,woodland/grassland,herbaceous litter,,TRIPRA,1,TRIREP,3
2,grassland,,herbaceous litter,tussock,TRIPRA,3,TRIHYB,1
3,grassland,,herbaceous litter,tussock,ACHMIL,2,TRIPRA,1
4,edge,woodland/grassland,herbaceous litter,tussock,ACHMIL,1,TRIPRA,1
5,edge,woodland/grassland,herbaceous litter,tussock,CRYCAN,2,,
6,woodland,,herbaceous litter,wood,CRYCAN,4,,
7,woodland,,herbaceous litter,leaf litter,Bedstraw,2,,
8,grassland,,tussock,herbaceous litter,ACHMIL,1,TRIPRA,2
9,woodland,,herbaceous litter,leaf litter,CRYCAN,2,,
10,grassland,,herbaceous litter,tussock,,,,
11,grassland,,herbaceous litter,leaf litter,TRIPRA,3,,
12,grassland,,herbaceous litter,leaf litter,TRIPRA,1,POTREC,1