point_number,10m_landcover,edge_types,2m_microsite,2m_microsite_extra,2m_flower_species1,2m_flower_cover1,2m_flower_species2,2m_flower_cover2
1,edge,woodland/grassland,leaf litter,herbaceous litter,TAROFF,1,GERMAC,1
2,grassland,,leaf litter,herbaceous litter,BARVUL,1,OXAVIO,1
3,edge,woodland/grassland,leaf litter,herbaceous litter,BARVUL,1,GERMAC,1
4,woodland,,leaf litter,,ALLPET,2,GERMAC,1
5,woodland,,leaf litter,wood,GERMAC,1,THATHA,1
6,woodland,,leaf litter,herbaceous litter,GERMAC,2,,
7,grassland,,herbaceous litter,flowers,TAROFF,2,VERARV,2
8,grassland,,tussock,herbaceous litter,,,,
9,edge,woodland/grassland,tussock,herbaceous litter,MEDLUP,1,FRASPP,1
10,edge,woodland/grassland,leaf litter,herbaceous litter,FRASPP,2,BARVUL,1
11,woodland,,leaf litter,,ALLPET,1,CLAVIR,1
12,grassland,,herbaceous litter,,,,,