point_number,10m_landcover,edge_types,2m_microsite,2m_microsite_extra,2m_flower_species1,2m_flower_cover1,2m_flower_species2,2m_flower_cover2
1,woodland,,leaf litter,herbaceous litter,,,,
2,woodland,,leaf litter,herbaceous litter,GERMAC,2,PODPEL,5
3,woodland,,leaf litter,herbaceous litter,GERMAC,2,TAROFF,1
4,woodland,,leaf litter,herbaceous litter,OSMLON,1,RANREC,2
5,edge,woodland/grassland,herbaceous litter,,CERFON,1,TRIPRA,1
6,grassland,,herbaceous litter,,ZIZAUR,1,,
7,grassland,,herbaceous litter,,ZIZAUR,1,,
8,grassland,,herbaceous litter,,BARVUL,1,,
9,grassland,,herbaceous litter,bare ground,BARVUL,1,,
10,woodland,,herbaceous litter,,OSMLON,4,RUBSPP,1
11,woodland,,herbaceous litter,,CERFON,2,TAROFF,1
12,woodland,,herbaceous litter,,RUBSPP,5,LONSPP,3