point_number,10m_landcover,edge_types,2m_microsite,2m_microsite_extra,2m_flower_species1,2m_flower_cover1,2m_flower_species2,2m_flower_cover2
1,woodland,,leaf litter,herbaceous litter,,,,
2,edge,woodland/grassland,leaf litter,herbaceous litter,RUBSPP,1,GERMAC,1
3,edge,woodland/grassland,herbaceous litter,,GERMAC,2,RUBSPP,1
4,edge,woodland/grassland,herbaceous litter,leaf litter,RUBSPP,2,CERFON,2
5,edge,woodland/grassland,herbaceous litter,,RUBSPP,1,RANHIS,1
6,edge,woodland/grassland,herbaceous litter,leaf litter,RUBSPP,1,RANHIS,1
7,edge,woodland/grassland,herbaceous litter,leaf litter,RUBSPP,1,POTSPP,1
8,edge,woodland/grassland,leaf litter,wood,,,,
9,edge,woodland/developed,herbaceous litter,leaf litter,MEDLUP,1,,
10,edge,woodland/developed,leaf litter,herbaceous litter,MEDLUP,1,TRIREP,1
11,edge,woodland/developed,leaf litter,rock pile,POTSPP,1,,
12,edge,woodland/grassland,wood,herbaceous litter,,,,