point_number,10m_landcover,edge_types,2m_microsite,2m_microsite_extra,2m_flower_species1,2m_flower_cover1,2m_flower_species2,2m_flower_cover2
1,woodland,,herbaceous litter,leaf litter,,,,
2,woodland,,herbaceous litter,leaf litter,TRIPRA,1,,
3,grassland,,herbaceous litter,,TRIREP,3,TRIPRA,3
4,edge,woodland/grassland,herbaceous litter,,TRIREP,2,GEUCAN,1
5,edge,woodland/grassland,herbaceous litter,,CRYCAN,3,,
6,grassland,,herbaceous litter,,MEDSAT,1,ERISPP,1
7,grassland,,herbaceous litter,,TRAOHI,1,MEDLUP,2
8,edge,woodland/grassland,herbaceous litter,leaf litter,CRYCAN,1,,
9,edge,woodland/grassland,herbaceous litter,,CRYCAN,1,,
10,edge,woodland/grassland,herbaceous litter,,TRIREP,1,,
11,edge,woodland/grassland,herbaceous litter,leaf litter,ERISPP,2,TRIREP,4
12,edge,woodland/grassland,leaf litter,herbaceous litter,ERISPP,1,TRIREP,1