point_number,10m_landcover,edge_types,2m_microsite,2m_microsite_extra,2m_flower_species1,2m_flower_cover1,2m_flower_species2,2m_flower_cover2
1,woodland,,leaf litter,bare ground,TAROFF,1,,
2,edge,woodland/grassland,leaf litter,herbaceous litter,ARALYR,1,,
3,edge,woodland/grassland,leaf litter,herbaceous litter,FRASPP,1,GERMAC,1
4,edge,woodland/grassland,leaf litter,herbaceous litter,TAROFF,1,,
5,edge,woodland/wetland,leaf litter,herbaceous litter,TAROFF,1,BARVUL,1
6,wetland,,herbaceous litter,,TAROFF,1,,
7,woodland,,herbaceous litter,,RANHIS,1,TAROFF,1
8,woodland,,leaf litter,wood,GALAPA,1,RANREC,1
9,edge,woodland/wetland,herbaceous litter,bare ground,VIOSPP,1,RANHIS,1
10,edge,woodland/wetland,leaf litter,herbaceous litter,TAROFF,1,,
11,edge,woodland/grassland,leaf litter,herbaceous litter,TAROFF,1,GALAPA,1
12,edge,woodland/grassland,herbaceous litter,wood,TAROFF,1,VIOSPP,1