point_number,10m_landcover,edge_types,2m_microsite,2m_microsite_extra,2m_flower_species1,2m_flower_cover1,2m_flower_species2,2m_flower_cover2
1,edge,woodland/grassland,herbaceous litter,leaf litter,RUBSPP,1,,
2,edge,woodland/grassland,herbaceous litter,leaf litter,COMUMB,2,POTREC,1
3,grassland,,herbaceous litter,,CRYCAN,3,RUBSPP,1
4,grassland,,herbaceous litter,,CRYCAN,3,MEDLUP,1
5,edge,woodland/grassland,herbaceous litter,tussock,TAROFF,1,CRYCAN,3
6,edge,woodland/grassland,herbaceous litter,tussock,ZIZAUR,1,,
7,grassland,,tussock,herbaceous litter,ZIZAUR,1,TRIPRA,1
8,grassland,,tussock,herbaceous litter,TRIPRA,1,MEDLUP,1
9,edge,woodland/grassland,tussock,herbaceous litter,CRYCAN,1,,