point_number,10m_landcover,edge_types,2m_microsite,2m_microsite_extra,2m_flower_species1,2m_flower_cover1,2m_flower_species2,2m_flower_cover2
1,woodland,,bare ground,leaf litter,OXALIS,1,,
2,woodland,,leaf litter,herbaceous litter,RUBSPP,1,,
3,edge,woodland/grassland,herbaceous litter,,MEDLUP,2,ERISPP,1
4,edge,woodland/grassland,herbaceous litter,,TRIHYB,1,STEAQU,2
5,woodland,,herbaceous litter,,CERFON,1,,
6,grassland,,herbaceous litter,,RUBSPP,3,TRIREP,1
7,grassland,,tussock,herbaceous litter,MEDLUP,1,RUBSPP,1
8,woodland,,herbaceous litter,,CRYCAN,4,TRIREP,1
9,woodland,,leaf litter,herbaceous litter,ERISPP,2,CRYCAN,2
10,woodland,,leaf litter,herbaceous litter,TRIREP,1,,
11,edge,woodland/grassland,tussock,herbaceous litter,CRYCAN,3,TRIHYB,1
12,edge,woodland/grassland,tussock,herbaceous litter,Daisy,1,,