point_number,10m_landcover,edge_types,2m_microsite,2m_microsite_extra,2m_flower_species1,2m_flower_cover1,2m_flower_species2,2m_flower_cover2
1,edge,grassland/developed,herbaceous litter,leaf litter,ASCSYR,4,HELHEL,1
2,edge,grassland/developed,tussock,herbaceous litter,ASCSYR,3,ERISPP,4
3,developed,,turf,wood,ROSASP,3,,
4,edge,woodland/developed,leaf litter,rock pile,BROENC,2,ANECAN,1
5,edge,woodland/grassland,herbaceous litter,tussock,ERISPP,1,TRIREP,1
6,edge,woodland/wetland,herbaceous litter,tussock,ANECAN,1,PRUVUL,1
7,woodland,,herbaceous litter,wood,BROENC,1,,
8,edge,woodland/wetland,tussock,herbaceous litter,ANECAN,1,,
9,woodland,,leaf litter,,BROENC,1,,
10,woodland,,leaf litter,bare ground,,,,
11,woodland,,leaf litter,,ANECAN,1,,
12,edge,woodland/grassland,leaf litter,herbaceous litter,ERISPP,2,ANECAN,1