point_number,10m_landcover,edge_types,2m_microsite,2m_microsite_extra,2m_flower_species1,2m_flower_cover1,2m_flower_species2,2m_flower_cover2
1,woodland,,leaf litter,bare ground,,,,
2,woodland,,leaf litter,wood,,,,
3,woodland,,leaf litter,wood,,,,
4,edge,woodland/grassland,leaf litter,herbaceous litter,TRIPRA,1,,
5,edge,woodland/grassland,leaf litter,herbaceous litter,,,,
6,edge,woodland/wetland,herbaceous litter,,ERISPP,1,,
7,edge,woodland/wetland,leaf litter,herbaceous litter,,,,
8,woodland,,leaf litter,bare ground,OXALIS,1,,
9,woodland,,leaf litter,,,,,
10,woodland,,leaf litter,wood,,,,
11,woodland,,leaf litter,,,,,
12,edge,woodland/developed,leaf litter,,,,,