point_number,10m_landcover,edge_types,2m_microsite,2m_microsite_extra,2m_flower_species1,2m_flower_cover1,2m_flower_species2,2m_flower_cover2
1,edge,woodland/developed,leaf litter,bare ground,,,,
2,woodland,,bare ground,leaf litter,,,,
3,edge,woodland/grassland,herbaceous litter,,GALSPP,3,RUBSPP,1
4,edge,woodland/grassland,leaf litter,herbaceous litter,,,,
5,edge,woodland/grassland,herbaceous litter,,VITSPP,4,,
6,woodland,,leaf litter,bare ground,HYDVIR,1,,
7,developed,,turf,,TRIREP,1,,
8,developed,,turf,wood,GLEHED,1,,
9,edge,grassland/developed,herbaceous litter,,CERFON,2,,
10,edge,woodland/grassland,leaf litter,herbaceous litter,GALSPP,1,GLEHED,1
11,developed,,turf,,CERFON,3,TAROFF,1
12,edge,woodland/developed,herbaceous litter,leaf litter,GALSPP,1,MEDLUP,1