point_number,10m_landcover,edge_types,2m_microsite,2m_microsite_extra,2m_flower_species1,2m_flower_cover1,2m_flower_species2,2m_flower_cover2
1,edge,grassland/developed,tussock,herbaceous litter,LONSPP,,,
2,edge,grassland/developed,herbaceous litter,tussock,GLEHED,2,,
3,edge,woodland/developed,herbaceous litter,leaf litter,GLEHED,2,,
4,grassland,,herbaceous litter,bare ground,TRIREP,1,EUPVIR,1
5,grassland,,leaf litter,bare ground,,,,
6,grassland,,herbaceous litter,,HYPHIR,1,TRIREP,1
7,edge,woodland/developed,herbaceous litter,bare ground,GLEHED,2,,
8,developed,,turf,leaf litter,SYRVUL,4,,
9,developed,,turf,wood,GLEHED,1,RHOSPP,5
10,edge,grassland/developed,herbaceous litter,,GLEHED,2,ZIZAUR,2
11,edge,wetland/grassland,rock pile,herbaceous litter,LONSPP,1,,
12,edge,woodland/grassland,herbaceous litter,leaf litter,,,,